{"cameraMode":{"drawMode":0,"name":"Shaded","section":"Shading Mode"},"sceneLighting":false,"audioPlay":false,"sceneViewState":{"showFog":true,"showMaterialUpdate":false,"showSkybox":false,"showFlares":true,"showImageEffects":true,"showParticleSystems":true},"in2DMode":false,"pivot":{"x":0.4461202621459961,"y":0.037033677101135257,"z":-1.277334451675415},"rotation":{"x":0.2141292244195938,"y":0.5647057294845581,"z":-0.15465302765369416,"w":0.7818828225135803},"size":5.12001895904541,"orthographic":false}