{"cameraMode":{"drawMode":0,"name":"Shaded","section":"Shading Mode"},"sceneLighting":false,"audioPlay":false,"sceneViewState":{"showFog":true,"showMaterialUpdate":false,"showSkybox":false,"showFlares":true,"showImageEffects":true,"showParticleSystems":true},"in2DMode":false,"pivot":{"x":0.4461202621459961,"y":0.037033677101135257,"z":-1.277334451675415},"rotation":{"x":-0.016065234318375589,"y":0.9798332452774048,"z":-0.17861326038837434,"w":-0.08812694996595383},"size":4.558570861816406,"orthographic":false}