{"cameraMode":{"drawMode":0,"name":"Shaded","section":"Shading Mode"},"sceneLighting":true,"audioPlay":false,"sceneViewState":{"showFog":true,"showMaterialUpdate":true,"showSkybox":true,"showFlares":true,"showImageEffects":true,"showParticleSystems":true},"in2DMode":false,"pivot":{"x":3.5629050731658937,"y":-0.2503780722618103,"z":0.44212937355041506},"rotation":{"x":-0.6736180782318115,"y":0.029885919764637948,"z":-0.027264751493930818,"w":-0.738015353679657},"size":8.869894981384278,"orthographic":false}