{"cameraMode":{"drawMode":0,"name":"Shaded","section":"Shading Mode"},"sceneLighting":false,"audioPlay":false,"sceneViewState":{"showFog":true,"showMaterialUpdate":true,"showSkybox":false,"showFlares":true,"showImageEffects":true,"showParticleSystems":true},"in2DMode":false,"pivot":{"x":-0.017788410186767579,"y":0.21857357025146485,"z":-2.434509754180908},"rotation":{"x":0.15085269510746003,"y":-0.7899147868156433,"z":0.21506556868553163,"w":0.5541388988494873},"size":8.175296783447266,"orthographic":false}