{"cameraMode":{"drawMode":0,"name":"Shaded","section":"Shading Mode"},"sceneLighting":false,"audioPlay":false,"sceneViewState":{"showFog":true,"showMaterialUpdate":false,"showSkybox":false,"showFlares":true,"showImageEffects":true,"showParticleSystems":true},"in2DMode":false,"pivot":{"x":0.30000001192092898,"y":-1.4901161193847657e-8,"z":-2.5},"rotation":{"x":-0.09656768292188645,"y":-0.7205417156219482,"z":0.10252474248409271,"w":-0.6789841055870056},"size":10.958735466003418,"orthographic":false}