{"cameraMode":{"drawMode":0,"name":"Shaded","section":"Shading Mode"},"sceneLighting":false,"audioPlay":false,"sceneViewState":{"showFog":true,"showMaterialUpdate":false,"showSkybox":false,"showFlares":true,"showImageEffects":true,"showParticleSystems":true},"in2DMode":false,"pivot":{"x":0.47283434867858889,"y":0.4349493384361267,"z":-2.9972119331359865},"rotation":{"x":-0.11850689351558685,"y":0.6707974076271057,"z":-0.1098722591996193,"w":-0.7238774299621582},"size":1.8362512588500977,"orthographic":false}