{"cameraMode":{"drawMode":0,"name":"Shaded","section":"Shading Mode"},"sceneLighting":false,"audioPlay":false,"sceneViewState":{"showFog":true,"showMaterialUpdate":false,"showSkybox":false,"showFlares":true,"showImageEffects":true,"showParticleSystems":true},"in2DMode":false,"pivot":{"x":-0.5216084718704224,"y":-0.1003878116607666,"z":-4.150067329406738},"rotation":{"x":0.2117214947938919,"y":-0.0702989473938942,"z":0.01526836771517992,"w":0.97468101978302},"size":7.708805084228516,"orthographic":true}