{"cameraMode":{"drawMode":0,"name":"Shaded","section":"Shading Mode"},"sceneLighting":true,"audioPlay":false,"sceneViewState":{"showFog":true,"showMaterialUpdate":false,"showSkybox":true,"showFlares":true,"showImageEffects":true,"showParticleSystems":true},"in2DMode":false,"pivot":{"x":2.3979601860046388,"y":-1.4835281372070313,"z":2.258899688720703},"rotation":{"x":0.1646375209093094,"y":-0.5674636960029602,"z":0.11703870445489884,"w":0.7982386946678162},"size":10.841428756713868,"orthographic":true}